Ref,Val,Package,PosX,PosY,Rot,Side
"J1","PJ-102A","PJ-102AH",142.316200,-84.963000,0.000000,top
"J2","S4B-XH-A_LF__SN_","S4B-XH-A_LF__SN_",146.964400,-112.678800,180.000000,top
"Q1","FDD8880","FDD8880",152.552400,-103.693550,180.000000,top
"Q2","FDD8880","FDD8880",145.421000,-103.682000,180.000000,top
"Q3","FDD8880","FDD8880",138.366000,-103.671950,180.000000,top
"R1","10kOhm","R_0603_1608Metric",153.949400,-94.386400,0.000000,top
"R3","10kOhm","R_0603_1608Metric",146.862800,-94.411800,0.000000,top
"R4","10kOhm","R_0603_1608Metric",139.750800,-94.386400,0.000000,top
